Body_wall_muscle,BWM_anterior
Body_wall_muscle,BWM_anterior
Body_wall_muscle,BWM_anterior
Body_wall_muscle,BWM_anterior
Body_wall_muscle,BWM_anterior
Body_wall_muscle,BWM_anterior
Body_wall_muscle,BWM_anterior
Body_wall_muscle,BWM_anterior
Body_wall_muscle,BWM_anterior
Body_wall_muscle,BWM_anterior
Body_wall_muscle,BWM_anterior
Body_wall_muscle,BWM_anterior
Body_wall_muscle,BWM_anterior
Body_wall_muscle,BWM_anterior
Body_wall_muscle,BWM_anterior
Body_wall_muscle,BWM_anterior
Body_wall_muscle,BWM_anterior
Body_wall_muscle,BWM_anterior
Body_wall_muscle,BWM_anterior
Body_wall_muscle,BWM_anterior
Body_wall_muscle,BWM_anterior
Body_wall_muscle,BWM_anterior
Body_wall_muscle,BWM_anterior
Body_wall_muscle,BWM_anterior
Body_wall_muscle,BWM_anterior
Body_wall_muscle,BWM_anterior
Body_wall_muscle,BWM_anterior
Body_wall_muscle,BWM_anterior
Body_wall_muscle,BWM_anterior
Body_wall_muscle,BWM_anterior
Body_wall_muscle,BWM_anterior
Body_wall_muscle,BWM_anterior
Body_wall_muscle,BWM_anterior
Body_wall_muscle,BWM_anterior
Body_wall_muscle,BWM_anterior
Body_wall_muscle,BWM_anterior
Body_wall_muscle,BWM_anterior
Body_wall_muscle,BWM_anterior
Body_wall_muscle,BWM_anterior
Body_wall_muscle,BWM_anterior
Body_wall_muscle,BWM_anterior
Body_wall_muscle,BWM_anterior
Body_wall_muscle,BWM_anterior
Body_wall_muscle,BWM_anterior
Body_wall_muscle,BWM_anterior
Body_wall_muscle,BWM_anterior
Body_wall_muscle,BWM_anterior
Body_wall_muscle,BWM_anterior
Body_wall_muscle,BWM_anterior
Body_wall_muscle,BWM_anterior
Body_wall_muscle,BWM_anterior
Body_wall_muscle,BWM_anterior
Body_wall_muscle,BWM_anterior
Body_wall_muscle,BWM_anterior
Body_wall_muscle,BWM_anterior
Body_wall_muscle,BWM_anterior
Body_wall_muscle,BWM_anterior
Body_wall_muscle,BWM_anterior
Body_wall_muscle,BWM_anterior
Body_wall_muscle,BWM_anterior
Body_wall_muscle,BWM_anterior
Body_wall_muscle,BWM_anterior
Body_wall_muscle,BWM_anterior
Body_wall_muscle,BWM_anterior
Body_wall_muscle,BWM_anterior
Body_wall_muscle,BWM_anterior
Body_wall_muscle,BWM_anterior
Body_wall_muscle,BWM_anterior
Body_wall_muscle,BWM_anterior
Body_wall_muscle,BWM_anterior
Body_wall_muscle,BWM_anterior
Body_wall_muscle,BWM_anterior
Body_wall_muscle,BWM_anterior
Body_wall_muscle,BWM_anterior
Body_wall_muscle,BWM_anterior
Body_wall_muscle,BWM_anterior
Body_wall_muscle,BWM_anterior
Body_wall_muscle,BWM_anterior
Body_wall_muscle,BWM_anterior
Body_wall_muscle,BWM_anterior
Body_wall_muscle,BWM_anterior
Body_wall_muscle,BWM_anterior
Body_wall_muscle,BWM_anterior
Body_wall_muscle,BWM_anterior
Body_wall_muscle,BWM_anterior
Body_wall_muscle,BWM_anterior
Body_wall_muscle,BWM_anterior
Body_wall_muscle,BWM_anterior
Body_wall_muscle,BWM_anterior
Body_wall_muscle,BWM_anterior
Body_wall_muscle,BWM_anterior
Body_wall_muscle,BWM_anterior
Body_wall_muscle,BWM_anterior
Body_wall_muscle,BWM_anterior
Body_wall_muscle,BWM_anterior
Body_wall_muscle,BWM_anterior
Body_wall_muscle,BWM_anterior
Body_wall_muscle,BWM_anterior
Body_wall_muscle,BWM_anterior
Body_wall_muscle,BWM_anterior
Body_wall_muscle,BWM_far_posterior
Body_wall_muscle,BWM_far_posterior
Body_wall_muscle,BWM_far_posterior
Body_wall_muscle,BWM_far_posterior
Body_wall_muscle,BWM_far_posterior
Body_wall_muscle,BWM_far_posterior
Body_wall_muscle,BWM_far_posterior
Body_wall_muscle,BWM_far_posterior
Body_wall_muscle,BWM_far_posterior
Body_wall_muscle,BWM_far_posterior
Body_wall_muscle,BWM_far_posterior
Body_wall_muscle,BWM_far_posterior
Body_wall_muscle,BWM_far_posterior
Body_wall_muscle,BWM_far_posterior
Body_wall_muscle,BWM_far_posterior
Body_wall_muscle,BWM_far_posterior
Body_wall_muscle,BWM_far_posterior
Body_wall_muscle,BWM_far_posterior
Body_wall_muscle,BWM_far_posterior
Body_wall_muscle,BWM_far_posterior
Body_wall_muscle,BWM_far_posterior
Body_wall_muscle,BWM_far_posterior
Body_wall_muscle,BWM_far_posterior
Body_wall_muscle,BWM_far_posterior
Body_wall_muscle,BWM_far_posterior
Body_wall_muscle,BWM_far_posterior
Body_wall_muscle,BWM_far_posterior
Body_wall_muscle,BWM_far_posterior
Body_wall_muscle,BWM_far_posterior
Body_wall_muscle,BWM_far_posterior
Body_wall_muscle,BWM_far_posterior
Body_wall_muscle,BWM_far_posterior
Body_wall_muscle,BWM_far_posterior
Body_wall_muscle,BWM_far_posterior
Body_wall_muscle,BWM_far_posterior
Body_wall_muscle,BWM_far_posterior
Body_wall_muscle,BWM_far_posterior
Body_wall_muscle,BWM_far_posterior
Body_wall_muscle,BWM_far_posterior
Body_wall_muscle,BWM_far_posterior
Body_wall_muscle,BWM_far_posterior
Body_wall_muscle,BWM_far_posterior
Body_wall_muscle,BWM_far_posterior
Body_wall_muscle,BWM_far_posterior
Body_wall_muscle,BWM_far_posterior
Body_wall_muscle,BWM_far_posterior
Body_wall_muscle,BWM_far_posterior
Body_wall_muscle,BWM_far_posterior
Body_wall_muscle,BWM_far_posterior
Body_wall_muscle,BWM_far_posterior
Body_wall_muscle,BWM_far_posterior
Body_wall_muscle,BWM_far_posterior
Body_wall_muscle,BWM_far_posterior
Body_wall_muscle,BWM_far_posterior
Body_wall_muscle,BWM_far_posterior
Body_wall_muscle,BWM_far_posterior
Body_wall_muscle,BWM_far_posterior
Body_wall_muscle,BWM_far_posterior
Body_wall_muscle,BWM_far_posterior
Body_wall_muscle,BWM_far_posterior
Body_wall_muscle,BWM_far_posterior
Body_wall_muscle,BWM_far_posterior
Body_wall_muscle,BWM_far_posterior
Body_wall_muscle,BWM_far_posterior
Body_wall_muscle,BWM_far_posterior
Body_wall_muscle,BWM_far_posterior
Body_wall_muscle,BWM_far_posterior
Body_wall_muscle,BWM_far_posterior
Body_wall_muscle,BWM_far_posterior
Body_wall_muscle,BWM_far_posterior
Body_wall_muscle,BWM_far_posterior
Body_wall_muscle,BWM_far_posterior
Body_wall_muscle,BWM_far_posterior
Body_wall_muscle,BWM_far_posterior
Body_wall_muscle,BWM_far_posterior
Body_wall_muscle,BWM_far_posterior
Body_wall_muscle,BWM_far_posterior
Body_wall_muscle,BWM_far_posterior
Body_wall_muscle,BWM_far_posterior
Body_wall_muscle,BWM_far_posterior
Body_wall_muscle,BWM_far_posterior
Body_wall_muscle,BWM_far_posterior
Body_wall_muscle,BWM_far_posterior
Body_wall_muscle,BWM_far_posterior
Body_wall_muscle,BWM_far_posterior
Body_wall_muscle,BWM_far_posterior
Body_wall_muscle,BWM_far_posterior
Body_wall_muscle,BWM_far_posterior
Body_wall_muscle,BWM_far_posterior
Body_wall_muscle,BWM_far_posterior
Body_wall_muscle,BWM_far_posterior
Body_wall_muscle,BWM_far_posterior
Body_wall_muscle,BWM_far_posterior
Body_wall_muscle,BWM_far_posterior
Body_wall_muscle,BWM_far_posterior
Body_wall_muscle,BWM_far_posterior
Body_wall_muscle,BWM_far_posterior
Body_wall_muscle,BWM_far_posterior
Body_wall_muscle,BWM_far_posterior
Body_wall_muscle,BWM_far_posterior
Body_wall_muscle,BWM_head
Body_wall_muscle,BWM_head
Body_wall_muscle,BWM_head
Body_wall_muscle,BWM_head
Body_wall_muscle,BWM_head
Body_wall_muscle,BWM_head
Body_wall_muscle,BWM_head
Body_wall_muscle,BWM_head
Body_wall_muscle,BWM_head
Body_wall_muscle,BWM_head
Body_wall_muscle,BWM_head
Body_wall_muscle,BWM_head
Body_wall_muscle,BWM_head
Body_wall_muscle,BWM_head
Body_wall_muscle,BWM_head
Body_wall_muscle,BWM_head
Body_wall_muscle,BWM_head
Body_wall_muscle,BWM_head
Body_wall_muscle,BWM_head
Body_wall_muscle,BWM_head
Body_wall_muscle,BWM_head
Body_wall_muscle,BWM_head
Body_wall_muscle,BWM_head
Body_wall_muscle,BWM_head
Body_wall_muscle,BWM_head
Body_wall_muscle,BWM_head
Body_wall_muscle,BWM_head
Body_wall_muscle,BWM_head
Body_wall_muscle,BWM_head
Body_wall_muscle,BWM_head
Body_wall_muscle,BWM_head
Body_wall_muscle,BWM_head
Body_wall_muscle,BWM_head
Body_wall_muscle,BWM_head
Body_wall_muscle,BWM_head
Body_wall_muscle,BWM_head
Body_wall_muscle,BWM_head
Body_wall_muscle,BWM_head
Body_wall_muscle,BWM_head
Body_wall_muscle,BWM_head
Body_wall_muscle,BWM_head
Body_wall_muscle,BWM_head
Body_wall_muscle,BWM_head
Body_wall_muscle,BWM_head
Body_wall_muscle,BWM_head
Body_wall_muscle,BWM_head
Body_wall_muscle,BWM_head
Body_wall_muscle,BWM_head
Body_wall_muscle,BWM_head
Body_wall_muscle,BWM_head
Body_wall_muscle,BWM_head
Body_wall_muscle,BWM_head
Body_wall_muscle,BWM_head
Body_wall_muscle,BWM_head
Body_wall_muscle,BWM_head
Body_wall_muscle,BWM_head
Body_wall_muscle,BWM_head
Body_wall_muscle,BWM_head
Body_wall_muscle,BWM_head
Body_wall_muscle,BWM_head
Body_wall_muscle,BWM_head
Body_wall_muscle,BWM_head
Body_wall_muscle,BWM_head
Body_wall_muscle,BWM_head
Body_wall_muscle,BWM_head
Body_wall_muscle,BWM_head
Body_wall_muscle,BWM_head
Body_wall_muscle,BWM_head
Body_wall_muscle,BWM_head
Body_wall_muscle,BWM_head
Body_wall_muscle,BWM_head
Body_wall_muscle,BWM_head
Body_wall_muscle,BWM_head
Body_wall_muscle,BWM_head
Body_wall_muscle,BWM_head
Body_wall_muscle,BWM_head
Body_wall_muscle,BWM_head
Body_wall_muscle,BWM_head
Body_wall_muscle,BWM_head
Body_wall_muscle,BWM_head
Body_wall_muscle,BWM_head
Body_wall_muscle,BWM_head
Body_wall_muscle,BWM_head
Body_wall_muscle,BWM_head
Body_wall_muscle,BWM_head
Body_wall_muscle,BWM_head
Body_wall_muscle,BWM_head
Body_wall_muscle,BWM_head
Body_wall_muscle,BWM_head
Body_wall_muscle,BWM_head
Body_wall_muscle,BWM_head
Body_wall_muscle,BWM_head
Body_wall_muscle,BWM_head
Body_wall_muscle,BWM_head
Body_wall_muscle,BWM_head
Body_wall_muscle,BWM_head
Body_wall_muscle,BWM_head
Body_wall_muscle,BWM_head
Body_wall_muscle,BWM_head
Body_wall_muscle,BWM_head
Body_wall_muscle,BWM_middle
Body_wall_muscle,BWM_middle
Body_wall_muscle,BWM_middle
Body_wall_muscle,BWM_middle
Body_wall_muscle,BWM_middle
Body_wall_muscle,BWM_middle
Body_wall_muscle,BWM_middle
Body_wall_muscle,BWM_middle
Body_wall_muscle,BWM_middle
Body_wall_muscle,BWM_middle
Body_wall_muscle,BWM_middle
Body_wall_muscle,BWM_middle
Body_wall_muscle,BWM_middle
Body_wall_muscle,BWM_middle
Body_wall_muscle,BWM_middle
Body_wall_muscle,BWM_middle
Body_wall_muscle,BWM_middle
Body_wall_muscle,BWM_middle
Body_wall_muscle,BWM_middle
Body_wall_muscle,BWM_middle
Body_wall_muscle,BWM_middle
Body_wall_muscle,BWM_middle
Body_wall_muscle,BWM_middle
Body_wall_muscle,BWM_middle
Body_wall_muscle,BWM_middle
Body_wall_muscle,BWM_middle
Body_wall_muscle,BWM_middle
Body_wall_muscle,BWM_middle
Body_wall_muscle,BWM_middle
Body_wall_muscle,BWM_middle
Body_wall_muscle,BWM_middle
Body_wall_muscle,BWM_middle
Body_wall_muscle,BWM_middle
Body_wall_muscle,BWM_middle
Body_wall_muscle,BWM_middle
Body_wall_muscle,BWM_middle
Body_wall_muscle,BWM_middle
Body_wall_muscle,BWM_middle
Body_wall_muscle,BWM_middle
Body_wall_muscle,BWM_middle
Body_wall_muscle,BWM_middle
Body_wall_muscle,BWM_middle
Body_wall_muscle,BWM_middle
Body_wall_muscle,BWM_middle
Body_wall_muscle,BWM_middle
Body_wall_muscle,BWM_middle
Body_wall_muscle,BWM_middle
Body_wall_muscle,BWM_middle
Body_wall_muscle,BWM_middle
Body_wall_muscle,BWM_middle
Body_wall_muscle,BWM_middle
Body_wall_muscle,BWM_middle
Body_wall_muscle,BWM_middle
Body_wall_muscle,BWM_middle
Body_wall_muscle,BWM_middle
Body_wall_muscle,BWM_middle
Body_wall_muscle,BWM_middle
Body_wall_muscle,BWM_middle
Body_wall_muscle,BWM_middle
Body_wall_muscle,BWM_middle
Body_wall_muscle,BWM_middle
Body_wall_muscle,BWM_middle
Body_wall_muscle,BWM_middle
Body_wall_muscle,BWM_middle
Body_wall_muscle,BWM_middle
Body_wall_muscle,BWM_middle
Body_wall_muscle,BWM_middle
Body_wall_muscle,BWM_middle
Body_wall_muscle,BWM_middle
Body_wall_muscle,BWM_middle
Body_wall_muscle,BWM_middle
Body_wall_muscle,BWM_middle
Body_wall_muscle,BWM_middle
Body_wall_muscle,BWM_middle
Body_wall_muscle,BWM_middle
Body_wall_muscle,BWM_middle
Body_wall_muscle,BWM_middle
Body_wall_muscle,BWM_middle
Body_wall_muscle,BWM_middle
Body_wall_muscle,BWM_middle
Body_wall_muscle,BWM_middle
Body_wall_muscle,BWM_middle
Body_wall_muscle,BWM_middle
Body_wall_muscle,BWM_middle
Body_wall_muscle,BWM_middle
Body_wall_muscle,BWM_middle
Body_wall_muscle,BWM_middle
Body_wall_muscle,BWM_middle
Body_wall_muscle,BWM_middle
Body_wall_muscle,BWM_middle
Body_wall_muscle,BWM_middle
Body_wall_muscle,BWM_middle
Body_wall_muscle,BWM_middle
Body_wall_muscle,BWM_middle
Body_wall_muscle,BWM_middle
Body_wall_muscle,BWM_middle
Body_wall_muscle,BWM_middle
Body_wall_muscle,BWM_middle
Body_wall_muscle,BWM_middle
Body_wall_muscle,BWM_middle
Body_wall_muscle,BWM_posterior
Body_wall_muscle,BWM_posterior
Body_wall_muscle,BWM_posterior
Body_wall_muscle,BWM_posterior
Body_wall_muscle,BWM_posterior
Body_wall_muscle,BWM_posterior
Body_wall_muscle,BWM_posterior
Body_wall_muscle,BWM_posterior
Body_wall_muscle,BWM_posterior
Body_wall_muscle,BWM_posterior
Body_wall_muscle,BWM_posterior
Body_wall_muscle,BWM_posterior
Body_wall_muscle,BWM_posterior
Body_wall_muscle,BWM_posterior
Body_wall_muscle,BWM_posterior
Body_wall_muscle,BWM_posterior
Body_wall_muscle,BWM_posterior
Body_wall_muscle,BWM_posterior
Body_wall_muscle,BWM_posterior
Body_wall_muscle,BWM_posterior
Body_wall_muscle,BWM_posterior
Body_wall_muscle,BWM_posterior
Body_wall_muscle,BWM_posterior
Body_wall_muscle,BWM_posterior
Body_wall_muscle,BWM_posterior
Body_wall_muscle,BWM_posterior
Body_wall_muscle,BWM_posterior
Body_wall_muscle,BWM_posterior
Body_wall_muscle,BWM_posterior
Body_wall_muscle,BWM_posterior
Body_wall_muscle,BWM_posterior
Body_wall_muscle,BWM_posterior
Body_wall_muscle,BWM_posterior
Body_wall_muscle,BWM_posterior
Body_wall_muscle,BWM_posterior
Body_wall_muscle,BWM_posterior
Body_wall_muscle,BWM_posterior
Body_wall_muscle,BWM_posterior
Body_wall_muscle,BWM_posterior
Body_wall_muscle,BWM_posterior
Body_wall_muscle,BWM_posterior
Body_wall_muscle,BWM_posterior
Body_wall_muscle,BWM_posterior
Body_wall_muscle,BWM_posterior
Body_wall_muscle,BWM_posterior
Body_wall_muscle,BWM_posterior
Body_wall_muscle,BWM_posterior
Body_wall_muscle,BWM_posterior
Body_wall_muscle,BWM_posterior
Body_wall_muscle,BWM_posterior
Body_wall_muscle,BWM_posterior
Body_wall_muscle,BWM_posterior
Body_wall_muscle,BWM_posterior
Body_wall_muscle,BWM_posterior
Body_wall_muscle,BWM_posterior
Body_wall_muscle,BWM_posterior
Body_wall_muscle,BWM_posterior
Body_wall_muscle,BWM_posterior
Body_wall_muscle,BWM_posterior
Body_wall_muscle,BWM_posterior
Body_wall_muscle,BWM_posterior
Body_wall_muscle,BWM_posterior
Body_wall_muscle,BWM_posterior
Body_wall_muscle,BWM_posterior
Body_wall_muscle,BWM_posterior
Body_wall_muscle,BWM_posterior
Body_wall_muscle,BWM_posterior
Body_wall_muscle,BWM_posterior
Body_wall_muscle,BWM_posterior
Body_wall_muscle,BWM_posterior
Body_wall_muscle,BWM_posterior
Body_wall_muscle,BWM_posterior
Body_wall_muscle,BWM_posterior
Body_wall_muscle,BWM_posterior
Body_wall_muscle,BWM_posterior
Body_wall_muscle,BWM_posterior
Body_wall_muscle,BWM_posterior
Body_wall_muscle,BWM_posterior
Body_wall_muscle,BWM_posterior
Body_wall_muscle,BWM_posterior
Body_wall_muscle,BWM_posterior
Body_wall_muscle,BWM_posterior
Body_wall_muscle,BWM_posterior
Body_wall_muscle,BWM_posterior
Body_wall_muscle,BWM_posterior
Body_wall_muscle,BWM_posterior
Body_wall_muscle,BWM_posterior
Body_wall_muscle,BWM_posterior
Body_wall_muscle,BWM_posterior
Body_wall_muscle,BWM_posterior
Body_wall_muscle,BWM_posterior
Body_wall_muscle,BWM_posterior
Body_wall_muscle,BWM_posterior
Body_wall_muscle,BWM_posterior
Body_wall_muscle,BWM_posterior
Body_wall_muscle,BWM_posterior
Body_wall_muscle,BWM_posterior
Body_wall_muscle,BWM_posterior
Body_wall_muscle,BWM_posterior
Body_wall_muscle,BWM_posterior
Ciliated_neuron,ADF
Ciliated_neuron,ADF
Ciliated_neuron,ADF
Ciliated_neuron,ADF
Ciliated_neuron,ADF
Ciliated_neuron,ADF
Ciliated_neuron,ADF
Ciliated_neuron,ADF
Ciliated_neuron,ADF
Ciliated_neuron,ADF
Ciliated_neuron,ADF
Ciliated_neuron,ADF
Ciliated_neuron,ADF
Ciliated_neuron,ADF
Ciliated_neuron,ADF
Ciliated_neuron,ADF
Ciliated_neuron,ADF
Ciliated_neuron,ADF
Ciliated_neuron,ADF
Ciliated_neuron,ADF
Ciliated_neuron,ADF
Ciliated_neuron,ADF
Ciliated_neuron,ADF
Ciliated_neuron,ADF
Ciliated_neuron,ADF
Ciliated_neuron,ADF
Ciliated_neuron,ADF
Ciliated_neuron,ADF
Ciliated_neuron,ADF
Ciliated_neuron,ADF
Ciliated_neuron,ADF
Ciliated_neuron,ADF
Ciliated_neuron,ADF
Ciliated_neuron,ADF
Ciliated_neuron,ADF
Ciliated_neuron,ADF
Ciliated_neuron,ADF
Ciliated_neuron,ADF
Ciliated_neuron,ADF
Ciliated_neuron,ADF
Ciliated_neuron,ADF
Ciliated_neuron,ADF
Ciliated_neuron,ADF
Ciliated_neuron,ADF
Ciliated_neuron,ADF
Ciliated_neuron,ADF
Ciliated_neuron,ADF
Ciliated_neuron,ADF
Ciliated_neuron,ADF
Ciliated_neuron,ADF
Ciliated_neuron,ADF
Ciliated_neuron,ADF
Ciliated_neuron,ADF
Ciliated_neuron,ADF
Ciliated_neuron,ADF
Ciliated_neuron,ADF
Ciliated_neuron,ADF
Ciliated_neuron,ADF
Ciliated_neuron,ADF
Ciliated_neuron,ADF
Ciliated_neuron,ADL
Ciliated_neuron,ADL
Ciliated_neuron,ADL
Ciliated_neuron,ADL
Ciliated_neuron,ADL
Ciliated_neuron,ADL
Ciliated_neuron,ADL
Ciliated_neuron,ADL
Ciliated_neuron,ADL
Ciliated_neuron,ADL
Ciliated_neuron,ADL
Ciliated_neuron,ADL
Ciliated_neuron,ADL
Ciliated_neuron,ADL
Ciliated_neuron,ADL
Ciliated_neuron,ADL
Ciliated_neuron,ADL
Ciliated_neuron,ADL
Ciliated_neuron,ADL
Ciliated_neuron,ADL
Ciliated_neuron,ADL
Ciliated_neuron,ADL
Ciliated_neuron,ADL
Ciliated_neuron,ADL
Ciliated_neuron,ADL
Ciliated_neuron,ADL
Ciliated_neuron,ADL
Ciliated_neuron,ADL
Ciliated_neuron,ADL
Ciliated_neuron,ADL
Ciliated_neuron,ADL
Ciliated_neuron,ADL
Ciliated_neuron,ADL
Ciliated_neuron,ADL
Ciliated_neuron,ADL
Ciliated_neuron,ADL
Ciliated_neuron,ADL
Ciliated_neuron,ADL
Ciliated_neuron,ADL
Ciliated_neuron,ADL
Ciliated_neuron,ADL
Ciliated_neuron,ADL
Ciliated_neuron,ADL
Ciliated_neuron,ADL
Ciliated_neuron,ADL
Ciliated_neuron,ADL
Ciliated_neuron,ADL
Ciliated_neuron,ADL
Ciliated_neuron,ADL
Ciliated_neuron,ADL
Ciliated_neuron,ADL
Ciliated_neuron,ADL
Ciliated_neuron,ADL
Ciliated_neuron,ADL
Ciliated_neuron,ADL
Ciliated_neuron,ADL
Ciliated_neuron,ADL
Ciliated_neuron,ADL
Ciliated_neuron,ADL
Ciliated_neuron,ADL
Ciliated_neuron,ADL
Ciliated_neuron,ADL
Ciliated_neuron,ADL
Ciliated_neuron,ADL
Ciliated_neuron,ADL
Ciliated_neuron,ADL
Ciliated_neuron,ADL
Ciliated_neuron,ADL
Ciliated_neuron,ADL
Ciliated_neuron,ADL
Ciliated_neuron,ADL
Ciliated_neuron,ADL
Ciliated_neuron,ADL
Ciliated_neuron,ADL
Ciliated_neuron,ADL
Ciliated_neuron,ADL
Ciliated_neuron,ADL
Ciliated_neuron,ADL
Ciliated_neuron,ADL
Ciliated_neuron,ADL
Ciliated_neuron,ADL
Ciliated_neuron,ADL
Ciliated_neuron,ADL
Ciliated_neuron,ADL
Ciliated_neuron,ADL
Ciliated_neuron,ADL
Ciliated_neuron,ADL
Ciliated_neuron,ADL
Ciliated_neuron,ADL
Ciliated_neuron,ADL
Ciliated_neuron,ADL
Ciliated_neuron,ADL
Ciliated_neuron,ADL
Ciliated_neuron,ADL
Ciliated_neuron,ADL
Ciliated_neuron,ADL
Ciliated_neuron,ADL
Ciliated_neuron,ADL
Ciliated_neuron,ADL
Ciliated_neuron,ADL
Ciliated_neuron,ADL
Ciliated_neuron,ADL
Ciliated_neuron,ADL
Ciliated_neuron,ADL
Ciliated_neuron,ADL
Ciliated_neuron,ADL
Ciliated_neuron,ADL
Ciliated_neuron,ADL
Ciliated_neuron,ADL
Ciliated_neuron,ADL
Ciliated_neuron,ADL
Ciliated_neuron,ADL
Ciliated_neuron,ADL
Ciliated_neuron,ADL
Ciliated_neuron,ADL
Ciliated_neuron,ADL
Ciliated_neuron,ADL
Ciliated_neuron,ADL
Ciliated_neuron,ADL
Ciliated_neuron,ADL
Ciliated_neuron,ADL
Ciliated_neuron,ADL
Ciliated_neuron,ADL
Ciliated_neuron,ADL
Ciliated_neuron,ADL
Ciliated_neuron,ADL
Ciliated_neuron,ADL
Ciliated_neuron,ADL
Ciliated_neuron,ADL
Ciliated_neuron,ADL
Ciliated_neuron,ADL
Ciliated_neuron,AFD
Ciliated_neuron,AFD
Ciliated_neuron,AFD
Ciliated_neuron,AFD
Ciliated_neuron,AFD
Ciliated_neuron,AFD
Ciliated_neuron,AFD
Ciliated_neuron,AFD
Ciliated_neuron,AFD
Ciliated_neuron,AFD
Ciliated_neuron,AFD
Ciliated_neuron,AFD
Ciliated_neuron,AFD
Ciliated_neuron,AFD
Ciliated_neuron,AFD
Ciliated_neuron,AFD
Ciliated_neuron,AFD
Ciliated_neuron,AFD
Ciliated_neuron,AFD
Ciliated_neuron,AFD
Ciliated_neuron,AFD
Ciliated_neuron,AFD
Ciliated_neuron,AFD
Ciliated_neuron,AFD
Ciliated_neuron,AFD
Ciliated_neuron,AFD
Ciliated_neuron,AFD
Ciliated_neuron,AFD
Ciliated_neuron,AFD
Ciliated_neuron,AFD
Ciliated_neuron,AFD
Ciliated_neuron,AFD
Ciliated_neuron,AFD
Ciliated_neuron,AFD
Ciliated_neuron,AFD
Ciliated_neuron,AFD
Ciliated_neuron,AFD
Ciliated_neuron,AFD
Ciliated_neuron,AFD
Ciliated_neuron,AFD
Ciliated_neuron,AFD
Ciliated_neuron,AFD
Ciliated_neuron,AFD
Ciliated_neuron,AFD
Ciliated_neuron,AFD
Ciliated_neuron,AFD
Ciliated_neuron,AFD
Ciliated_neuron,AFD
Ciliated_neuron,AFD
Ciliated_neuron,AFD
Ciliated_neuron,AFD
Ciliated_neuron,AFD
Ciliated_neuron,AFD
Ciliated_neuron,AFD
Ciliated_neuron,AFD
Ciliated_neuron,AFD
Ciliated_neuron,AFD
Ciliated_neuron,AFD
Ciliated_neuron,AFD
Ciliated_neuron,AFD
Ciliated_neuron,AFD
Ciliated_neuron,AFD
Ciliated_neuron,AFD
Ciliated_neuron,AFD
Ciliated_neuron,AFD
Ciliated_neuron,AFD
Ciliated_neuron,AFD
Ciliated_neuron,AFD
Ciliated_neuron,AFD
Ciliated_neuron,AFD
Ciliated_neuron,AFD
Ciliated_neuron,AFD
Ciliated_neuron,AFD
Ciliated_neuron,AFD
Ciliated_neuron,AFD
Ciliated_neuron,AFD
Ciliated_neuron,AFD
Ciliated_neuron,AFD
Ciliated_neuron,AFD
Ciliated_neuron,AFD
Ciliated_neuron,AFD
Ciliated_neuron,AFD
Ciliated_neuron,AFD
Ciliated_neuron,AFD
Ciliated_neuron,AFD
Ciliated_neuron,AFD
Ciliated_neuron,AFD
Ciliated_neuron,AFD
Ciliated_neuron,AFD
Ciliated_neuron,AFD
Ciliated_neuron,AFD
Ciliated_neuron,AFD
Ciliated_neuron,AFD
Ciliated_neuron,ASE
Ciliated_neuron,ASE
Ciliated_neuron,ASE
Ciliated_neuron,ASE
Ciliated_neuron,ASE
Ciliated_neuron,ASE
Ciliated_neuron,ASE
Ciliated_neuron,ASE
Ciliated_neuron,ASE
Ciliated_neuron,ASE
Ciliated_neuron,ASE
Ciliated_neuron,ASE
Ciliated_neuron,ASE
Ciliated_neuron,ASE
Ciliated_neuron,ASE
Ciliated_neuron,ASE
Ciliated_neuron,ASE
Ciliated_neuron,ASE
Ciliated_neuron,ASE
Ciliated_neuron,ASE
Ciliated_neuron,ASE
Ciliated_neuron,ASE
Ciliated_neuron,ASE
Ciliated_neuron,ASE
Ciliated_neuron,ASE
Ciliated_neuron,ASE
Ciliated_neuron,ASE
Ciliated_neuron,ASE
Ciliated_neuron,ASE
Ciliated_neuron,ASE
Ciliated_neuron,ASE
Ciliated_neuron,ASE
Ciliated_neuron,ASE
Ciliated_neuron,ASE
Ciliated_neuron,ASE
Ciliated_neuron,ASE
Ciliated_neuron,ASE
Ciliated_neuron,ASE
Ciliated_neuron,ASE
Ciliated_neuron,ASE
Ciliated_neuron,ASE
Ciliated_neuron,ASE
Ciliated_neuron,ASE
Ciliated_neuron,ASE
Ciliated_neuron,ASE
Ciliated_neuron,ASE
Ciliated_neuron,ASE
Ciliated_neuron,ASE
Ciliated_neuron,ASE
Ciliated_neuron,ASE
Ciliated_neuron,ASE
Ciliated_neuron,ASE
Ciliated_neuron,ASE
Ciliated_neuron,ASE
Ciliated_neuron,ASE
Ciliated_neuron,ASE
Ciliated_neuron,ASE
Ciliated_neuron,ASE
Ciliated_neuron,ASE
Ciliated_neuron,ASE
Ciliated_neuron,ASE
Ciliated_neuron,ASE
Ciliated_neuron,ASE
Ciliated_neuron,ASE
Ciliated_neuron,ASE
Ciliated_neuron,ASE
Ciliated_neuron,ASE
Ciliated_neuron,ASE
Ciliated_neuron,ASE
Ciliated_neuron,ASE
Ciliated_neuron,ASE
Ciliated_neuron,ASE
Ciliated_neuron,ASE
Ciliated_neuron,ASE
Ciliated_neuron,ASE
Ciliated_neuron,ASE
Ciliated_neuron,ASE
Ciliated_neuron,ASE
Ciliated_neuron,ASE
Ciliated_neuron,ASE
Ciliated_neuron,ASE
Ciliated_neuron,ASE
Ciliated_neuron,ASE
Ciliated_neuron,ASE
Ciliated_neuron,ASE
Ciliated_neuron,ASH
Ciliated_neuron,ASH
Ciliated_neuron,ASH
Ciliated_neuron,ASH
Ciliated_neuron,ASH
Ciliated_neuron,ASH
Ciliated_neuron,ASH
Ciliated_neuron,ASH
Ciliated_neuron,ASH
Ciliated_neuron,ASH
Ciliated_neuron,ASH
Ciliated_neuron,ASH
Ciliated_neuron,ASH
Ciliated_neuron,ASH
Ciliated_neuron,ASH
Ciliated_neuron,ASH
Ciliated_neuron,ASH
Ciliated_neuron,ASH
Ciliated_neuron,ASH
Ciliated_neuron,ASH
Ciliated_neuron,ASH
Ciliated_neuron,ASH
Ciliated_neuron,ASH
Ciliated_neuron,ASH
Ciliated_neuron,ASH
Ciliated_neuron,ASH
Ciliated_neuron,ASH
Ciliated_neuron,ASH
Ciliated_neuron,ASH
Ciliated_neuron,ASH
Ciliated_neuron,ASH
Ciliated_neuron,ASH
Ciliated_neuron,ASH
Ciliated_neuron,ASH
Ciliated_neuron,ASH
Ciliated_neuron,ASH
Ciliated_neuron,ASH
Ciliated_neuron,ASH
Ciliated_neuron,ASH
Ciliated_neuron,ASH
Ciliated_neuron,ASH
Ciliated_neuron,ASH
Ciliated_neuron,ASH
Ciliated_neuron,ASH
Ciliated_neuron,ASH
Ciliated_neuron,ASH
Ciliated_neuron,ASH
Ciliated_neuron,ASH
Ciliated_neuron,ASH
Ciliated_neuron,ASH
Ciliated_neuron,ASH
Ciliated_neuron,ASH
Ciliated_neuron,ASH
Ciliated_neuron,ASH
Ciliated_neuron,ASH
Ciliated_neuron,ASH
Ciliated_neuron,ASH
Ciliated_neuron,ASH
Ciliated_neuron,ASH
Ciliated_neuron,ASH
Ciliated_neuron,ASH
Ciliated_neuron,ASH
Ciliated_neuron,ASH
Ciliated_neuron,ASH
Ciliated_neuron,ASH
Ciliated_neuron,ASH
Ciliated_neuron,ASH
Ciliated_neuron,ASH
Ciliated_neuron,ASH
Ciliated_neuron,ASH
Ciliated_neuron,ASH
Ciliated_neuron,ASH
Ciliated_neuron,ASH
Ciliated_neuron,ASH
Hypodermis,Hypodermis
Hypodermis,Hypodermis
Hypodermis,Hypodermis
Hypodermis,Hypodermis
Hypodermis,Hypodermis
Hypodermis,Hypodermis
Hypodermis,Hypodermis
Hypodermis,Hypodermis
Hypodermis,Hypodermis
Hypodermis,Hypodermis
Hypodermis,Hypodermis
Hypodermis,Hypodermis
Hypodermis,Hypodermis
Hypodermis,Hypodermis
Hypodermis,Hypodermis
Hypodermis,Hypodermis
Hypodermis,Hypodermis
Hypodermis,Hypodermis
Hypodermis,Hypodermis
Hypodermis,Hypodermis
Hypodermis,Hypodermis
Hypodermis,Hypodermis
Hypodermis,Hypodermis
Hypodermis,Hypodermis
Hypodermis,Hypodermis
Hypodermis,Hypodermis
Hypodermis,Hypodermis
Hypodermis,Hypodermis
Hypodermis,Hypodermis
Hypodermis,Hypodermis
Hypodermis,Hypodermis
Hypodermis,Hypodermis
Hypodermis,Hypodermis
Hypodermis,Hypodermis
Hypodermis,Hypodermis
Hypodermis,Hypodermis
Hypodermis,Hypodermis
Hypodermis,Hypodermis
Hypodermis,Hypodermis
Hypodermis,Hypodermis
Hypodermis,Hypodermis
Hypodermis,Hypodermis
Hypodermis,Hypodermis
Hypodermis,Hypodermis
Hypodermis,Hypodermis
Hypodermis,Hypodermis
Hypodermis,Hypodermis
Hypodermis,Hypodermis
Hypodermis,Hypodermis
Hypodermis,Hypodermis
Hypodermis,Hypodermis
Hypodermis,Hypodermis
Hypodermis,Hypodermis
Hypodermis,Hypodermis
Hypodermis,Hypodermis
Hypodermis,Hypodermis
Hypodermis,Hypodermis
Hypodermis,Hypodermis
Hypodermis,Hypodermis
Hypodermis,Hypodermis
Hypodermis,Hypodermis
Hypodermis,Hypodermis
Hypodermis,Hypodermis
Hypodermis,Hypodermis
Hypodermis,Hypodermis
Hypodermis,Hypodermis
Hypodermis,Hypodermis
Hypodermis,Hypodermis
Hypodermis,Hypodermis
Hypodermis,Hypodermis
Hypodermis,Hypodermis
Intestine,Intestine_anterior
Intestine,Intestine_anterior
Intestine,Intestine_anterior
Intestine,Intestine_anterior
Intestine,Intestine_anterior
Intestine,Intestine_anterior
Intestine,Intestine_anterior
Intestine,Intestine_anterior
Intestine,Intestine_anterior
Intestine,Intestine_anterior
Intestine,Intestine_anterior
Intestine,Intestine_anterior
Intestine,Intestine_anterior
Intestine,Intestine_anterior
Intestine,Intestine_anterior
Intestine,Intestine_anterior
Intestine,Intestine_anterior
Intestine,Intestine_anterior
Intestine,Intestine_anterior
Intestine,Intestine_anterior
Intestine,Intestine_anterior
Intestine,Intestine_anterior
Intestine,Intestine_anterior
Intestine,Intestine_anterior
Intestine,Intestine_anterior
Intestine,Intestine_anterior
Intestine,Intestine_anterior
Intestine,Intestine_anterior
Intestine,Intestine_anterior
Intestine,Intestine_anterior
Intestine,Intestine_anterior
Intestine,Intestine_anterior
Intestine,Intestine_anterior
Intestine,Intestine_anterior
Intestine,Intestine_anterior
Intestine,Intestine_anterior
Intestine,Intestine_anterior
Intestine,Intestine_anterior
Intestine,Intestine_anterior
Intestine,Intestine_anterior
Intestine,Intestine_anterior
Intestine,Intestine_anterior
Intestine,Intestine_anterior
Intestine,Intestine_anterior
Intestine,Intestine_anterior
Intestine,Intestine_anterior
Intestine,Intestine_anterior
Intestine,Intestine_anterior
Intestine,Intestine_anterior
Intestine,Intestine_anterior
Intestine,Intestine_anterior
Intestine,Intestine_anterior
Intestine,Intestine_anterior
Intestine,Intestine_anterior
Intestine,Intestine_anterior
Intestine,Intestine_anterior
Intestine,Intestine_anterior
Intestine,Intestine_anterior
Intestine,Intestine_anterior
Intestine,Intestine_anterior
Intestine,Intestine_anterior
Intestine,Intestine_anterior
Intestine,Intestine_anterior
Intestine,Intestine_anterior
Intestine,Intestine_anterior
Intestine,Intestine_anterior
Intestine,Intestine_anterior
Intestine,Intestine_anterior
Intestine,Intestine_anterior
Intestine,Intestine_anterior
Intestine,Intestine_anterior
Intestine,Intestine_anterior
Intestine,Intestine_anterior
Intestine,Intestine_anterior
Intestine,Intestine_anterior
Intestine,Intestine_far_posterior
Intestine,Intestine_far_posterior
Intestine,Intestine_far_posterior
Intestine,Intestine_far_posterior
Intestine,Intestine_far_posterior
Intestine,Intestine_far_posterior
Intestine,Intestine_far_posterior
Intestine,Intestine_far_posterior
Intestine,Intestine_far_posterior
Intestine,Intestine_far_posterior
Intestine,Intestine_far_posterior
Intestine,Intestine_far_posterior
Intestine,Intestine_far_posterior
Intestine,Intestine_far_posterior
Intestine,Intestine_far_posterior
Intestine,Intestine_far_posterior
Intestine,Intestine_far_posterior
Intestine,Intestine_far_posterior
Intestine,Intestine_far_posterior
Intestine,Intestine_far_posterior
Intestine,Intestine_far_posterior
Intestine,Intestine_far_posterior
Intestine,Intestine_far_posterior
Intestine,Intestine_far_posterior
Intestine,Intestine_far_posterior
Intestine,Intestine_far_posterior
Intestine,Intestine_far_posterior
Intestine,Intestine_far_posterior
Intestine,Intestine_far_posterior
Intestine,Intestine_far_posterior
Intestine,Intestine_far_posterior
Intestine,Intestine_far_posterior
Intestine,Intestine_far_posterior
Intestine,Intestine_far_posterior
Intestine,Intestine_far_posterior
Intestine,Intestine_far_posterior
Intestine,Intestine_far_posterior
Intestine,Intestine_far_posterior
Intestine,Intestine_far_posterior
Intestine,Intestine_far_posterior
Intestine,Intestine_far_posterior
Intestine,Intestine_far_posterior
Intestine,Intestine_far_posterior
Intestine,Intestine_far_posterior
Intestine,Intestine_far_posterior
Intestine,Intestine_far_posterior
Intestine,Intestine_far_posterior
Intestine,Intestine_far_posterior
Intestine,Intestine_far_posterior
Intestine,Intestine_far_posterior
Intestine,Intestine_far_posterior
Intestine,Intestine_far_posterior
Intestine,Intestine_far_posterior
Intestine,Intestine_far_posterior
Intestine,Intestine_far_posterior
Intestine,Intestine_far_posterior
Intestine,Intestine_far_posterior
Intestine,Intestine_far_posterior
Intestine,Intestine_far_posterior
Intestine,Intestine_far_posterior
Intestine,Intestine_far_posterior
Intestine,Intestine_far_posterior
Intestine,Intestine_far_posterior
Intestine,Intestine_far_posterior
Intestine,Intestine_far_posterior
Intestine,Intestine_far_posterior
Intestine,Intestine_far_posterior
Intestine,Intestine_far_posterior
Intestine,Intestine_far_posterior
Intestine,Intestine_far_posterior
Intestine,Intestine_far_posterior
Intestine,Intestine_far_posterior
Intestine,Intestine_far_posterior
Intestine,Intestine_far_posterior
Intestine,Intestine_far_posterior
Intestine,Intestine_middle_and_posterior
Intestine,Intestine_middle_and_posterior
Intestine,Intestine_middle_and_posterior
Intestine,Intestine_middle_and_posterior
Intestine,Intestine_middle_and_posterior
Intestine,Intestine_middle_and_posterior
Intestine,Intestine_middle_and_posterior
Intestine,Intestine_middle_and_posterior
Intestine,Intestine_middle_and_posterior
Intestine,Intestine_middle_and_posterior
Intestine,Intestine_middle_and_posterior
Intestine,Intestine_middle_and_posterior
Intestine,Intestine_middle_and_posterior
Intestine,Intestine_middle_and_posterior
Intestine,Intestine_middle_and_posterior
Intestine,Intestine_middle_and_posterior
Intestine,Intestine_middle_and_posterior
Intestine,Intestine_middle_and_posterior
Intestine,Intestine_middle_and_posterior
Intestine,Intestine_middle_and_posterior
Intestine,Intestine_middle_and_posterior
Intestine,Intestine_middle_and_posterior
Intestine,Intestine_middle_and_posterior
Intestine,Intestine_middle_and_posterior
Intestine,Intestine_middle_and_posterior
Intestine,Intestine_middle_and_posterior
Intestine,Intestine_middle_and_posterior
Intestine,Intestine_middle_and_posterior
Intestine,Intestine_middle_and_posterior
Intestine,Intestine_middle_and_posterior
Intestine,Intestine_middle_and_posterior
Intestine,Intestine_middle_and_posterior
Intestine,Intestine_middle_and_posterior
Intestine,Intestine_middle_and_posterior
Intestine,Intestine_middle_and_posterior
Intestine,Intestine_middle_and_posterior
Intestine,Intestine_middle_and_posterior
Intestine,Intestine_middle_and_posterior
Intestine,Intestine_middle_and_posterior
Intestine,Intestine_middle_and_posterior
Intestine,Intestine_middle_and_posterior
Intestine,Intestine_middle_and_posterior
Intestine,Intestine_middle_and_posterior
Intestine,Intestine_middle_and_posterior
Intestine,Intestine_middle_and_posterior
Intestine,Intestine_middle_and_posterior
Intestine,Intestine_middle_and_posterior
Intestine,Intestine_middle_and_posterior
Intestine,Intestine_middle_and_posterior
Intestine,Intestine_middle_and_posterior
Intestine,Intestine_middle_and_posterior
Intestine,Intestine_middle_and_posterior
Intestine,Intestine_middle_and_posterior
Intestine,Intestine_middle_and_posterior
Intestine,Intestine_middle_and_posterior
Intestine,Intestine_middle_and_posterior
Intestine,Intestine_middle_and_posterior
Intestine,Intestine_middle_and_posterior
Intestine,Intestine_middle_and_posterior
Intestine,Intestine_middle_and_posterior
Intestine,Intestine_middle_and_posterior
Intestine,Intestine_middle_and_posterior
Intestine,Intestine_middle_and_posterior
Intestine,Intestine_middle_and_posterior
Intestine,Intestine_middle_and_posterior
Intestine,Intestine_middle_and_posterior
Intestine,Intestine_middle_and_posterior
Intestine,Intestine_middle_and_posterior
Intestine,Intestine_middle_and_posterior
Intestine,Intestine_middle_and_posterior
Intestine,Intestine_middle_and_posterior
Intestine,Intestine_middle_and_posterior
Intestine,Intestine_middle_and_posterior
Intestine,Intestine_middle_and_posterior
Intestine,Intestine_middle_and_posterior
Non_ciliated_neuron,AIB
Non_ciliated_neuron,AIB
Non_ciliated_neuron,AIB
Non_ciliated_neuron,AIB
Non_ciliated_neuron,AIB
Non_ciliated_neuron,AIB
Non_ciliated_neuron,AIB
Non_ciliated_neuron,AIB
Non_ciliated_neuron,AIB
Non_ciliated_neuron,AIB
Non_ciliated_neuron,AIB
Non_ciliated_neuron,AIB
Non_ciliated_neuron,AIB
Non_ciliated_neuron,AIB
Non_ciliated_neuron,AIB
Non_ciliated_neuron,AIB
Non_ciliated_neuron,AIB
Non_ciliated_neuron,AIB
Non_ciliated_neuron,AIB
Non_ciliated_neuron,AIB
Non_ciliated_neuron,AIY
Non_ciliated_neuron,AIY
Non_ciliated_neuron,AIY
Non_ciliated_neuron,AIY
Non_ciliated_neuron,AIY
Non_ciliated_neuron,AIY
Non_ciliated_neuron,AIY
Non_ciliated_neuron,AIY
Non_ciliated_neuron,AIY
Non_ciliated_neuron,AIY
Non_ciliated_neuron,AIY
Non_ciliated_neuron,AIY
Non_ciliated_neuron,AIY
Non_ciliated_neuron,AIY
Non_ciliated_neuron,AIY
Non_ciliated_neuron,AIY
Non_ciliated_neuron,AIY
Non_ciliated_neuron,AIY
Non_ciliated_neuron,AIY
Non_ciliated_neuron,AIY
Non_ciliated_neuron,AIY
Non_ciliated_neuron,AIY
Non_ciliated_neuron,AIY
Non_ciliated_neuron,AIY
Non_ciliated_neuron,AIY
Non_ciliated_neuron,AIY
Non_ciliated_neuron,AIY
Non_ciliated_neuron,AIY
Non_ciliated_neuron,AIY
Non_ciliated_neuron,AIY
Non_ciliated_neuron,AIY
Non_ciliated_neuron,AIY
Non_ciliated_neuron,AIY
Non_ciliated_neuron,AIY
Non_ciliated_neuron,AIY
Non_ciliated_neuron,AIY
Non_ciliated_neuron,AIY
Non_ciliated_neuron,AIY
Non_ciliated_neuron,AIY
Non_ciliated_neuron,AIY
Non_ciliated_neuron,AIY
Non_ciliated_neuron,AIY
Non_ciliated_neuron,AIY
Non_ciliated_neuron,AIY
Non_ciliated_neuron,AIY
Non_ciliated_neuron,AIY
Non_ciliated_neuron,AIY
Non_ciliated_neuron,AIY
Non_ciliated_neuron,AIY
Non_ciliated_neuron,AIY
Non_ciliated_neuron,AIY
Non_ciliated_neuron,AIY
Non_ciliated_neuron,AIY
Non_ciliated_neuron,AIY
Non_ciliated_neuron,AIY
Non_ciliated_neuron,AIY
Non_ciliated_neuron,AIY
Non_ciliated_neuron,AIY
Non_ciliated_neuron,ALA
Non_ciliated_neuron,ALA
Non_ciliated_neuron,ALA
Non_ciliated_neuron,ALA
Non_ciliated_neuron,ALA
Non_ciliated_neuron,ALA
Non_ciliated_neuron,ALA
Non_ciliated_neuron,ALA
Non_ciliated_neuron,ALA
Non_ciliated_neuron,ALA
Non_ciliated_neuron,ALA
Non_ciliated_neuron,ALA
Non_ciliated_neuron,ALA
Non_ciliated_neuron,ALA
Non_ciliated_neuron,ALA
Non_ciliated_neuron,ALA
Non_ciliated_neuron,ALA
Non_ciliated_neuron,ALA
Non_ciliated_neuron,ALA
Non_ciliated_neuron,ALA
Non_ciliated_neuron,ALA
Non_ciliated_neuron,ALA
Non_ciliated_neuron,ALA
Non_ciliated_neuron,ALA
Non_ciliated_neuron,ALA
Non_ciliated_neuron,ALA
Non_ciliated_neuron,ALA
Non_ciliated_neuron,ALA
Non_ciliated_neuron,ALA
Non_ciliated_neuron,ALA
Non_ciliated_neuron,ALA
Non_ciliated_neuron,ALA
Non_ciliated_neuron,ALA
Non_ciliated_neuron,ALA
Non_ciliated_neuron,ALA
Non_ciliated_neuron,ALA
Non_ciliated_neuron,ALA
Non_ciliated_neuron,ALA
Non_ciliated_neuron,ALA
Non_ciliated_neuron,ALA
Non_ciliated_neuron,ALM_PLM
Non_ciliated_neuron,ALM_PLM
Non_ciliated_neuron,ALM_PLM
Non_ciliated_neuron,ALM_PLM
Non_ciliated_neuron,ALM_PLM
Non_ciliated_neuron,ALM_PLM
Non_ciliated_neuron,ALM_PLM
Non_ciliated_neuron,ALM_PLM
Non_ciliated_neuron,ALM_PLM
Non_ciliated_neuron,ALM_PLM
Non_ciliated_neuron,ALM_PLM
Non_ciliated_neuron,ALM_PLM
Non_ciliated_neuron,ALM_PLM
Non_ciliated_neuron,ALM_PLM
Non_ciliated_neuron,ALM_PLM
Non_ciliated_neuron,ALM_PLM
Non_ciliated_neuron,ALM_PLM
Non_ciliated_neuron,ALM_PLM
Non_ciliated_neuron,ALM_PLM
Non_ciliated_neuron,ALM_PLM
Non_ciliated_neuron,ALM_PLM
Non_ciliated_neuron,ALM_PLM
Non_ciliated_neuron,ALM_PLM
Non_ciliated_neuron,ALM_PLM
Non_ciliated_neuron,ALM_PLM
Non_ciliated_neuron,ALM_PLM
Non_ciliated_neuron,ALM_PLM
Non_ciliated_neuron,ALM_PLM
Non_ciliated_neuron,ALM_PLM
Non_ciliated_neuron,ALM_PLM
Non_ciliated_neuron,ALM_PLM
Non_ciliated_neuron,ALM_PLM
Non_ciliated_neuron,ALM_PLM
Non_ciliated_neuron,ALM_PLM
Non_ciliated_neuron,ALM_PLM
Non_ciliated_neuron,ALM_PLM
Non_ciliated_neuron,ALM_PLM
Non_ciliated_neuron,ALM_PLM
Non_ciliated_neuron,ALM_PLM
Non_ciliated_neuron,ALM_PLM
Non_ciliated_neuron,ALM_PLM
Non_ciliated_neuron,ALM_PLM
Non_ciliated_neuron,ALM_PLM
Non_ciliated_neuron,ALM_PLM
Non_ciliated_neuron,ALM_PLM
Non_ciliated_neuron,ALM_PLM
Non_ciliated_neuron,ALM_PLM
Non_ciliated_neuron,ALM_PLM
Non_ciliated_neuron,ALM_PLM
Non_ciliated_neuron,ALM_PLM
Non_ciliated_neuron,ALM_PLM
Non_ciliated_neuron,ALM_PLM
Non_ciliated_neuron,ALM_PLM
Non_ciliated_neuron,ALM_PLM
Non_ciliated_neuron,ALM_PLM
Non_ciliated_neuron,ALM_PLM
Non_ciliated_neuron,ALM_PLM
Non_ciliated_neuron,ALM_PLM
Non_ciliated_neuron,ALM_PLM
Non_ciliated_neuron,ALM_PLM
Non_ciliated_neuron,ALM_PLM
Non_ciliated_neuron,ALM_PLM
Non_ciliated_neuron,ALM_PLM
Non_ciliated_neuron,ALM_PLM
Non_ciliated_neuron,ALM_PLM
Non_ciliated_neuron,ALM_PLM
Non_ciliated_neuron,ALM_PLM
Non_ciliated_neuron,ALM_PLM
Non_ciliated_neuron,ALM_PLM
Non_ciliated_neuron,ALM_PLM
Non_ciliated_neuron,ALM_PLM
Non_ciliated_neuron,ALM_PLM
Non_ciliated_neuron,ALM_PLM
Non_ciliated_neuron,ALM_PLM
Non_ciliated_neuron,ALM_PLM
Non_ciliated_neuron,ALM_PLM
Non_ciliated_neuron,ALM_PLM
Non_ciliated_neuron,ALM_PLM
Non_ciliated_neuron,ALM_PLM
Non_ciliated_neuron,ALM_PLM
Non_ciliated_neuron,ALM_PLM
Non_ciliated_neuron,ALM_PLM
Non_ciliated_neuron,ALM_PLM
Non_ciliated_neuron,ALM_PLM
Non_ciliated_neuron,ALM_PLM
Non_ciliated_neuron,ALM_PLM
Non_ciliated_neuron,AVA
Non_ciliated_neuron,AVA
Non_ciliated_neuron,AVA
Non_ciliated_neuron,AVA
Non_ciliated_neuron,AVA
Non_ciliated_neuron,AVA
Non_ciliated_neuron,AVA
Non_ciliated_neuron,AVA
Non_ciliated_neuron,AVA
Non_ciliated_neuron,AVA
Non_ciliated_neuron,AVA
Non_ciliated_neuron,AVA
Non_ciliated_neuron,AVA
Non_ciliated_neuron,AVA
Non_ciliated_neuron,AVA
Non_ciliated_neuron,AVA
Non_ciliated_neuron,AVA
Non_ciliated_neuron,AVA
Non_ciliated_neuron,AVA
Non_ciliated_neuron,AVA
Non_ciliated_neuron,AVA
Non_ciliated_neuron,AVA
Non_ciliated_neuron,AVK
Non_ciliated_neuron,AVK
Non_ciliated_neuron,AVK
Non_ciliated_neuron,AVK
Non_ciliated_neuron,AVK
Non_ciliated_neuron,AVK
Non_ciliated_neuron,AVK
Non_ciliated_neuron,AVK
Non_ciliated_neuron,AVK
Non_ciliated_neuron,AVK
Non_ciliated_neuron,AVK
Non_ciliated_neuron,AVK
Non_ciliated_neuron,AVK
Non_ciliated_neuron,AVK
Non_ciliated_neuron,AVK
Non_ciliated_neuron,AVK
Non_ciliated_neuron,AVK
Non_ciliated_neuron,AVK
Non_ciliated_neuron,AVK
Non_ciliated_neuron,AVK
Non_ciliated_neuron,AVK
Non_ciliated_neuron,AVK
Non_ciliated_neuron,AVK
Non_ciliated_neuron,AVK
Non_ciliated_neuron,AVK
Non_ciliated_neuron,AVK
Non_ciliated_neuron,AVK
Non_ciliated_neuron,AVK
Non_ciliated_neuron,AVK
Non_ciliated_neuron,AVK
Non_ciliated_neuron,AVK
Non_ciliated_neuron,AVK
Non_ciliated_neuron,AVK
Non_ciliated_neuron,AVK
Non_ciliated_neuron,AVK
Non_ciliated_neuron,AVK
Non_ciliated_neuron,AVK
Non_ciliated_neuron,AVK
Non_ciliated_neuron,AVK
Non_ciliated_neuron,AVK
Non_ciliated_neuron,AVK
Non_ciliated_neuron,AVK
Non_ciliated_neuron,AVK
Non_ciliated_neuron,AVK
Non_ciliated_neuron,AVK
Non_ciliated_neuron,AVK
Non_ciliated_neuron,AVK
Non_ciliated_neuron,AVK
Non_ciliated_neuron,AVK
Non_ciliated_neuron,AVK
Non_ciliated_neuron,AVK
Non_ciliated_neuron,AVK
Non_ciliated_neuron,AVK
Non_ciliated_neuron,AVK
Non_ciliated_neuron,AVK
Non_ciliated_neuron,AVK
Non_ciliated_neuron,AVK
Non_ciliated_neuron,AVK
Non_ciliated_neuron,AVK
Non_ciliated_neuron,AVK
Non_ciliated_neuron,AVK
Non_ciliated_neuron,AVK
Non_ciliated_neuron,AVK
Non_ciliated_neuron,AVK
Non_ciliated_neuron,AVK
Non_ciliated_neuron,AVK
Non_ciliated_neuron,AVK
Non_ciliated_neuron,AVK
Non_ciliated_neuron,AVK
Non_ciliated_neuron,AVK
Non_ciliated_neuron,AVK
Non_ciliated_neuron,AVK
Non_ciliated_neuron,AVK
Non_ciliated_neuron,AVK
Non_ciliated_neuron,AVK
Non_ciliated_neuron,AVK
Non_ciliated_neuron,AVK
Non_ciliated_neuron,AVK
Non_ciliated_neuron,AVK
Non_ciliated_neuron,AVK
Non_ciliated_neuron,AVK
Non_ciliated_neuron,AVK
Non_ciliated_neuron,AVK
Non_ciliated_neuron,AVK
Body_wall_muscle_early,BWM_anterior_early
Body_wall_muscle_early,BWM_anterior_early
Body_wall_muscle_early,BWM_anterior_early
Body_wall_muscle_early,BWM_anterior_early
Body_wall_muscle_early,BWM_anterior_early
Body_wall_muscle_early,BWM_anterior_early
Body_wall_muscle_early,BWM_anterior_early
Body_wall_muscle_early,BWM_anterior_early
Body_wall_muscle_early,BWM_anterior_early
Body_wall_muscle_early,BWM_anterior_early
Body_wall_muscle_early,BWM_anterior_early
Body_wall_muscle_early,BWM_anterior_early
Body_wall_muscle_early,BWM_anterior_early
Body_wall_muscle_early,BWM_anterior_early
Body_wall_muscle_early,BWM_anterior_early
Body_wall_muscle_early,BWM_anterior_early
Body_wall_muscle_early,BWM_anterior_early
Body_wall_muscle_early,BWM_anterior_early
Body_wall_muscle_early,BWM_anterior_early
Body_wall_muscle_early,BWM_anterior_early
Body_wall_muscle_early,BWM_anterior_early
Body_wall_muscle_early,BWM_anterior_early
Body_wall_muscle_early,BWM_anterior_early
Body_wall_muscle_early,BWM_anterior_early
Body_wall_muscle_early,BWM_anterior_early
Body_wall_muscle_early,BWM_anterior_early
Body_wall_muscle_early,BWM_anterior_early
Body_wall_muscle_early,BWM_anterior_early
Body_wall_muscle_early,BWM_anterior_early
Body_wall_muscle_early,BWM_anterior_early
Body_wall_muscle_early,BWM_anterior_early
Body_wall_muscle_early,BWM_anterior_early
Body_wall_muscle_early,BWM_anterior_early
Body_wall_muscle_early,BWM_anterior_early
Body_wall_muscle_early,BWM_anterior_early
Body_wall_muscle_early,BWM_anterior_early
Body_wall_muscle_early,BWM_anterior_early
Body_wall_muscle_early,BWM_anterior_early
Body_wall_muscle_early,BWM_anterior_early
Body_wall_muscle_early,BWM_anterior_early
Body_wall_muscle_early,BWM_anterior_early
Body_wall_muscle_early,BWM_anterior_early
Body_wall_muscle_early,BWM_anterior_early
Body_wall_muscle_early,BWM_anterior_early
Body_wall_muscle_early,BWM_anterior_early
Body_wall_muscle_early,BWM_anterior_early
Body_wall_muscle_early,BWM_anterior_early
Body_wall_muscle_early,BWM_anterior_early
Body_wall_muscle_early,BWM_anterior_early
Body_wall_muscle_early,BWM_anterior_early
Body_wall_muscle_early,BWM_anterior_early
Body_wall_muscle_early,BWM_anterior_early
Body_wall_muscle_early,BWM_anterior_early
Body_wall_muscle_early,BWM_anterior_early
Body_wall_muscle_early,BWM_anterior_early
Body_wall_muscle_early,BWM_anterior_early
Body_wall_muscle_early,BWM_anterior_early
Body_wall_muscle_early,BWM_anterior_early
Body_wall_muscle_early,BWM_anterior_early
Body_wall_muscle_early,BWM_anterior_early
Body_wall_muscle_early,BWM_anterior_early
Body_wall_muscle_early,BWM_anterior_early
Body_wall_muscle_early,BWM_anterior_early
Body_wall_muscle_early,BWM_anterior_early
Body_wall_muscle_early,BWM_anterior_early
Body_wall_muscle_early,BWM_anterior_early
Body_wall_muscle_early,BWM_anterior_early
Body_wall_muscle_early,BWM_anterior_early
Body_wall_muscle_early,BWM_anterior_early
Body_wall_muscle_early,BWM_anterior_early
Body_wall_muscle_early,BWM_anterior_early
Body_wall_muscle_early,BWM_anterior_early
Body_wall_muscle_early,BWM_anterior_early
Body_wall_muscle_early,BWM_anterior_early
Body_wall_muscle_early,BWM_anterior_early
Body_wall_muscle_early,BWM_anterior_early
Body_wall_muscle_early,BWM_anterior_early
Body_wall_muscle_early,BWM_anterior_early
Body_wall_muscle_early,BWM_anterior_early
Body_wall_muscle_early,BWM_anterior_early
Body_wall_muscle_early,BWM_anterior_early
Body_wall_muscle_early,BWM_anterior_early
Body_wall_muscle_early,BWM_anterior_early
Body_wall_muscle_early,BWM_anterior_early
Body_wall_muscle_early,BWM_anterior_early
Body_wall_muscle_early,BWM_anterior_early
Body_wall_muscle_early,BWM_anterior_early
Body_wall_muscle_early,BWM_anterior_early
Body_wall_muscle_early,BWM_anterior_early
Body_wall_muscle_early,BWM_anterior_early
Body_wall_muscle_early,BWM_anterior_early
Body_wall_muscle_early,BWM_anterior_early
Body_wall_muscle_early,BWM_anterior_early
Body_wall_muscle_early,BWM_anterior_early
Body_wall_muscle_early,BWM_anterior_early
Body_wall_muscle_early,BWM_anterior_early
Body_wall_muscle_early,BWM_anterior_early
Body_wall_muscle_early,BWM_anterior_early
Body_wall_muscle_early,BWM_anterior_early
Body_wall_muscle_early,BWM_anterior_early
Body_wall_muscle_early,BWM_far_posterior_early
Body_wall_muscle_early,BWM_far_posterior_early
Body_wall_muscle_early,BWM_far_posterior_early
Body_wall_muscle_early,BWM_far_posterior_early
Body_wall_muscle_early,BWM_far_posterior_early
Body_wall_muscle_early,BWM_far_posterior_early
Body_wall_muscle_early,BWM_far_posterior_early
Body_wall_muscle_early,BWM_far_posterior_early
Body_wall_muscle_early,BWM_far_posterior_early
Body_wall_muscle_early,BWM_far_posterior_early
Body_wall_muscle_early,BWM_far_posterior_early
Body_wall_muscle_early,BWM_far_posterior_early
Body_wall_muscle_early,BWM_far_posterior_early
Body_wall_muscle_early,BWM_far_posterior_early
Body_wall_muscle_early,BWM_far_posterior_early
Body_wall_muscle_early,BWM_far_posterior_early
Body_wall_muscle_early,BWM_far_posterior_early
Body_wall_muscle_early,BWM_far_posterior_early
Body_wall_muscle_early,BWM_far_posterior_early
Body_wall_muscle_early,BWM_far_posterior_early
Body_wall_muscle_early,BWM_far_posterior_early
Body_wall_muscle_early,BWM_far_posterior_early
Body_wall_muscle_early,BWM_far_posterior_early
Body_wall_muscle_early,BWM_far_posterior_early
Body_wall_muscle_early,BWM_far_posterior_early
Body_wall_muscle_early,BWM_far_posterior_early
Body_wall_muscle_early,BWM_far_posterior_early
Body_wall_muscle_early,BWM_far_posterior_early
Body_wall_muscle_early,BWM_far_posterior_early
Body_wall_muscle_early,BWM_far_posterior_early
Body_wall_muscle_early,BWM_far_posterior_early
Body_wall_muscle_early,BWM_far_posterior_early
Body_wall_muscle_early,BWM_far_posterior_early
Body_wall_muscle_early,BWM_far_posterior_early
Body_wall_muscle_early,BWM_far_posterior_early
Body_wall_muscle_early,BWM_far_posterior_early
Body_wall_muscle_early,BWM_far_posterior_early
Body_wall_muscle_early,BWM_far_posterior_early
Body_wall_muscle_early,BWM_far_posterior_early
Body_wall_muscle_early,BWM_far_posterior_early
Body_wall_muscle_early,BWM_far_posterior_early
Body_wall_muscle_early,BWM_far_posterior_early
Body_wall_muscle_early,BWM_far_posterior_early
Body_wall_muscle_early,BWM_far_posterior_early
Body_wall_muscle_early,BWM_far_posterior_early
Body_wall_muscle_early,BWM_far_posterior_early
Body_wall_muscle_early,BWM_far_posterior_early
Body_wall_muscle_early,BWM_far_posterior_early
Body_wall_muscle_early,BWM_far_posterior_early
Body_wall_muscle_early,BWM_far_posterior_early
Body_wall_muscle_early,BWM_far_posterior_early
Body_wall_muscle_early,BWM_far_posterior_early
Body_wall_muscle_early,BWM_far_posterior_early
Body_wall_muscle_early,BWM_far_posterior_early
Body_wall_muscle_early,BWM_far_posterior_early
Body_wall_muscle_early,BWM_far_posterior_early
Body_wall_muscle_early,BWM_far_posterior_early
Body_wall_muscle_early,BWM_far_posterior_early
Body_wall_muscle_early,BWM_far_posterior_early
Body_wall_muscle_early,BWM_far_posterior_early
Body_wall_muscle_early,BWM_far_posterior_early
Body_wall_muscle_early,BWM_far_posterior_early
Body_wall_muscle_early,BWM_far_posterior_early
Body_wall_muscle_early,BWM_far_posterior_early
Body_wall_muscle_early,BWM_far_posterior_early
Body_wall_muscle_early,BWM_far_posterior_early
Body_wall_muscle_early,BWM_far_posterior_early
Body_wall_muscle_early,BWM_far_posterior_early
Body_wall_muscle_early,BWM_far_posterior_early
Body_wall_muscle_early,BWM_far_posterior_early
Body_wall_muscle_early,BWM_far_posterior_early
Body_wall_muscle_early,BWM_far_posterior_early
Body_wall_muscle_early,BWM_far_posterior_early
Body_wall_muscle_early,BWM_far_posterior_early
Body_wall_muscle_early,BWM_far_posterior_early
Body_wall_muscle_early,BWM_far_posterior_early
Body_wall_muscle_early,BWM_far_posterior_early
Body_wall_muscle_early,BWM_far_posterior_early
Body_wall_muscle_early,BWM_far_posterior_early
Body_wall_muscle_early,BWM_far_posterior_early
Body_wall_muscle_early,BWM_far_posterior_early
Body_wall_muscle_early,BWM_far_posterior_early
Body_wall_muscle_early,BWM_far_posterior_early
Body_wall_muscle_early,BWM_far_posterior_early
Body_wall_muscle_early,BWM_far_posterior_early
Body_wall_muscle_early,BWM_far_posterior_early
Body_wall_muscle_early,BWM_far_posterior_early
Body_wall_muscle_early,BWM_far_posterior_early
Body_wall_muscle_early,BWM_far_posterior_early
Body_wall_muscle_early,BWM_far_posterior_early
Body_wall_muscle_early,BWM_far_posterior_early
Body_wall_muscle_early,BWM_far_posterior_early
Body_wall_muscle_early,BWM_far_posterior_early
Body_wall_muscle_early,BWM_far_posterior_early
Body_wall_muscle_early,BWM_far_posterior_early
Body_wall_muscle_early,BWM_far_posterior_early
Body_wall_muscle_early,BWM_far_posterior_early
Body_wall_muscle_early,BWM_far_posterior_early
Body_wall_muscle_early,BWM_far_posterior_early
Body_wall_muscle_early,BWM_far_posterior_early
Body_wall_muscle_early,BWM_head_early
Body_wall_muscle_early,BWM_head_early
Body_wall_muscle_early,BWM_head_early
Body_wall_muscle_early,BWM_head_early
Body_wall_muscle_early,BWM_head_early
Body_wall_muscle_early,BWM_head_early
Body_wall_muscle_early,BWM_head_early
Body_wall_muscle_early,BWM_head_early
Body_wall_muscle_early,BWM_head_early
Body_wall_muscle_early,BWM_head_early
Body_wall_muscle_early,BWM_head_early
Body_wall_muscle_early,BWM_head_early
Body_wall_muscle_early,BWM_head_early
Body_wall_muscle_early,BWM_head_early
Body_wall_muscle_early,BWM_head_early
Body_wall_muscle_early,BWM_head_early
Body_wall_muscle_early,BWM_head_early
Body_wall_muscle_early,BWM_head_early
Body_wall_muscle_early,BWM_head_early
Body_wall_muscle_early,BWM_head_early
Body_wall_muscle_early,BWM_head_early
Body_wall_muscle_early,BWM_head_early
Body_wall_muscle_early,BWM_head_early
Body_wall_muscle_early,BWM_head_early
Body_wall_muscle_early,BWM_head_early
Body_wall_muscle_early,BWM_head_early
Body_wall_muscle_early,BWM_head_early
Body_wall_muscle_early,BWM_head_early
Body_wall_muscle_early,BWM_head_early
Body_wall_muscle_early,BWM_head_early
Body_wall_muscle_early,BWM_head_early
Body_wall_muscle_early,BWM_head_early
Body_wall_muscle_early,BWM_head_early
Body_wall_muscle_early,BWM_head_early
Body_wall_muscle_early,BWM_head_early
Body_wall_muscle_early,BWM_head_early
Body_wall_muscle_early,BWM_head_early
Body_wall_muscle_early,BWM_head_early
Body_wall_muscle_early,BWM_head_early
Body_wall_muscle_early,BWM_head_early
Body_wall_muscle_early,BWM_head_early
Body_wall_muscle_early,BWM_head_early
Body_wall_muscle_early,BWM_head_early
Body_wall_muscle_early,BWM_head_early
Body_wall_muscle_early,BWM_head_early
Body_wall_muscle_early,BWM_head_early
Body_wall_muscle_early,BWM_head_early
Body_wall_muscle_early,BWM_head_early
Body_wall_muscle_early,BWM_head_early
Body_wall_muscle_early,BWM_head_early
Body_wall_muscle_early,BWM_head_early
Body_wall_muscle_early,BWM_head_early
Body_wall_muscle_early,BWM_head_early
Body_wall_muscle_early,BWM_head_early
Body_wall_muscle_early,BWM_head_early
Body_wall_muscle_early,BWM_head_early
Body_wall_muscle_early,BWM_head_early
Body_wall_muscle_early,BWM_head_early
Body_wall_muscle_early,BWM_head_early
Body_wall_muscle_early,BWM_head_early
Body_wall_muscle_early,BWM_head_early
Body_wall_muscle_early,BWM_head_early
Body_wall_muscle_early,BWM_head_early
Body_wall_muscle_early,BWM_head_early
Body_wall_muscle_early,BWM_head_early
Body_wall_muscle_early,BWM_head_early
Body_wall_muscle_early,BWM_head_early
Body_wall_muscle_early,BWM_head_early
Body_wall_muscle_early,BWM_head_early
Body_wall_muscle_early,BWM_head_early
Body_wall_muscle_early,BWM_head_early
Body_wall_muscle_early,BWM_head_early
Body_wall_muscle_early,BWM_head_early
Body_wall_muscle_early,BWM_head_early
Body_wall_muscle_early,BWM_head_early
Body_wall_muscle_early,BWM_head_early
Body_wall_muscle_early,BWM_head_early
Body_wall_muscle_early,BWM_head_early
Body_wall_muscle_early,BWM_head_early
Body_wall_muscle_early,BWM_head_early
Body_wall_muscle_early,BWM_head_early
Body_wall_muscle_early,BWM_head_early
Body_wall_muscle_early,BWM_head_early
Body_wall_muscle_early,BWM_head_early
Body_wall_muscle_early,BWM_head_early
Body_wall_muscle_early,BWM_head_early
Body_wall_muscle_early,BWM_head_early
Body_wall_muscle_early,BWM_head_early
Body_wall_muscle_early,BWM_head_early
Body_wall_muscle_early,BWM_head_early
Body_wall_muscle_early,BWM_head_early
Body_wall_muscle_early,BWM_head_early
Body_wall_muscle_early,BWM_head_early
Body_wall_muscle_early,BWM_head_early
Body_wall_muscle_early,BWM_head_early
Body_wall_muscle_early,BWM_head_early
Body_wall_muscle_early,BWM_head_early
Body_wall_muscle_early,BWM_head_early
Body_wall_muscle_early,BWM_head_early
Body_wall_muscle_early,BWM_head_early
Body_wall_muscle_early,BWM_middle_early
Body_wall_muscle_early,BWM_middle_early
Body_wall_muscle_early,BWM_middle_early
Body_wall_muscle_early,BWM_middle_early
Body_wall_muscle_early,BWM_middle_early
Body_wall_muscle_early,BWM_middle_early
Body_wall_muscle_early,BWM_middle_early
Body_wall_muscle_early,BWM_middle_early
Body_wall_muscle_early,BWM_middle_early
Body_wall_muscle_early,BWM_middle_early
Body_wall_muscle_early,BWM_middle_early
Body_wall_muscle_early,BWM_middle_early
Body_wall_muscle_early,BWM_middle_early
Body_wall_muscle_early,BWM_middle_early
Body_wall_muscle_early,BWM_middle_early
Body_wall_muscle_early,BWM_middle_early
Body_wall_muscle_early,BWM_middle_early
Body_wall_muscle_early,BWM_middle_early
Body_wall_muscle_early,BWM_middle_early
Body_wall_muscle_early,BWM_middle_early
Body_wall_muscle_early,BWM_middle_early
Body_wall_muscle_early,BWM_middle_early
Body_wall_muscle_early,BWM_middle_early
Body_wall_muscle_early,BWM_middle_early
Body_wall_muscle_early,BWM_middle_early
Body_wall_muscle_early,BWM_middle_early
Body_wall_muscle_early,BWM_middle_early
Body_wall_muscle_early,BWM_middle_early
Body_wall_muscle_early,BWM_middle_early
Body_wall_muscle_early,BWM_middle_early
Body_wall_muscle_early,BWM_middle_early
Body_wall_muscle_early,BWM_middle_early
Body_wall_muscle_early,BWM_middle_early
Body_wall_muscle_early,BWM_middle_early
Body_wall_muscle_early,BWM_middle_early
Body_wall_muscle_early,BWM_middle_early
Body_wall_muscle_early,BWM_middle_early
Body_wall_muscle_early,BWM_middle_early
Body_wall_muscle_early,BWM_middle_early
Body_wall_muscle_early,BWM_middle_early
Body_wall_muscle_early,BWM_middle_early
Body_wall_muscle_early,BWM_middle_early
Body_wall_muscle_early,BWM_middle_early
Body_wall_muscle_early,BWM_middle_early
Body_wall_muscle_early,BWM_middle_early
Body_wall_muscle_early,BWM_middle_early
Body_wall_muscle_early,BWM_middle_early
Body_wall_muscle_early,BWM_middle_early
Body_wall_muscle_early,BWM_middle_early
Body_wall_muscle_early,BWM_middle_early
Body_wall_muscle_early,BWM_middle_early
Body_wall_muscle_early,BWM_middle_early
Body_wall_muscle_early,BWM_middle_early
Body_wall_muscle_early,BWM_middle_early
Body_wall_muscle_early,BWM_middle_early
Body_wall_muscle_early,BWM_middle_early
Body_wall_muscle_early,BWM_middle_early
Body_wall_muscle_early,BWM_middle_early
Body_wall_muscle_early,BWM_middle_early
Body_wall_muscle_early,BWM_middle_early
Body_wall_muscle_early,BWM_middle_early
Body_wall_muscle_early,BWM_middle_early
Body_wall_muscle_early,BWM_middle_early
Body_wall_muscle_early,BWM_middle_early
Body_wall_muscle_early,BWM_middle_early
Body_wall_muscle_early,BWM_middle_early
Body_wall_muscle_early,BWM_middle_early
Body_wall_muscle_early,BWM_middle_early
Body_wall_muscle_early,BWM_middle_early
Body_wall_muscle_early,BWM_middle_early
Body_wall_muscle_early,BWM_middle_early
Body_wall_muscle_early,BWM_middle_early
Body_wall_muscle_early,BWM_middle_early
Body_wall_muscle_early,BWM_middle_early
Body_wall_muscle_early,BWM_middle_early
Body_wall_muscle_early,BWM_middle_early
Body_wall_muscle_early,BWM_middle_early
Body_wall_muscle_early,BWM_middle_early
Body_wall_muscle_early,BWM_middle_early
Body_wall_muscle_early,BWM_middle_early
Body_wall_muscle_early,BWM_middle_early
Body_wall_muscle_early,BWM_middle_early
Body_wall_muscle_early,BWM_middle_early
Body_wall_muscle_early,BWM_middle_early
Body_wall_muscle_early,BWM_middle_early
Body_wall_muscle_early,BWM_middle_early
Body_wall_muscle_early,BWM_middle_early
Body_wall_muscle_early,BWM_middle_early
Body_wall_muscle_early,BWM_middle_early
Body_wall_muscle_early,BWM_middle_early
Body_wall_muscle_early,BWM_middle_early
Body_wall_muscle_early,BWM_middle_early
Body_wall_muscle_early,BWM_middle_early
Body_wall_muscle_early,BWM_middle_early
Body_wall_muscle_early,BWM_middle_early
Body_wall_muscle_early,BWM_middle_early
Body_wall_muscle_early,BWM_middle_early
Body_wall_muscle_early,BWM_middle_early
Body_wall_muscle_early,BWM_middle_early
Body_wall_muscle_early,BWM_middle_early
Body_wall_muscle_early,BWM_posterior_early
Body_wall_muscle_early,BWM_posterior_early
Body_wall_muscle_early,BWM_posterior_early
Body_wall_muscle_early,BWM_posterior_early
Body_wall_muscle_early,BWM_posterior_early
Body_wall_muscle_early,BWM_posterior_early
Body_wall_muscle_early,BWM_posterior_early
Body_wall_muscle_early,BWM_posterior_early
Body_wall_muscle_early,BWM_posterior_early
Body_wall_muscle_early,BWM_posterior_early
Body_wall_muscle_early,BWM_posterior_early
Body_wall_muscle_early,BWM_posterior_early
Body_wall_muscle_early,BWM_posterior_early
Body_wall_muscle_early,BWM_posterior_early
Body_wall_muscle_early,BWM_posterior_early
Body_wall_muscle_early,BWM_posterior_early
Body_wall_muscle_early,BWM_posterior_early
Body_wall_muscle_early,BWM_posterior_early
Body_wall_muscle_early,BWM_posterior_early
Body_wall_muscle_early,BWM_posterior_early
Body_wall_muscle_early,BWM_posterior_early
Body_wall_muscle_early,BWM_posterior_early
Body_wall_muscle_early,BWM_posterior_early
Body_wall_muscle_early,BWM_posterior_early
Body_wall_muscle_early,BWM_posterior_early
Body_wall_muscle_early,BWM_posterior_early
Body_wall_muscle_early,BWM_posterior_early
Body_wall_muscle_early,BWM_posterior_early
Body_wall_muscle_early,BWM_posterior_early
Body_wall_muscle_early,BWM_posterior_early
Body_wall_muscle_early,BWM_posterior_early
Body_wall_muscle_early,BWM_posterior_early
Body_wall_muscle_early,BWM_posterior_early
Body_wall_muscle_early,BWM_posterior_early
Body_wall_muscle_early,BWM_posterior_early
Body_wall_muscle_early,BWM_posterior_early
Body_wall_muscle_early,BWM_posterior_early
Body_wall_muscle_early,BWM_posterior_early
Body_wall_muscle_early,BWM_posterior_early
Body_wall_muscle_early,BWM_posterior_early
Body_wall_muscle_early,BWM_posterior_early
Body_wall_muscle_early,BWM_posterior_early
Body_wall_muscle_early,BWM_posterior_early
Body_wall_muscle_early,BWM_posterior_early
Body_wall_muscle_early,BWM_posterior_early
Body_wall_muscle_early,BWM_posterior_early
Body_wall_muscle_early,BWM_posterior_early
Body_wall_muscle_early,BWM_posterior_early
Body_wall_muscle_early,BWM_posterior_early
Body_wall_muscle_early,BWM_posterior_early
Body_wall_muscle_early,BWM_posterior_early
Body_wall_muscle_early,BWM_posterior_early
Body_wall_muscle_early,BWM_posterior_early
Body_wall_muscle_early,BWM_posterior_early
Body_wall_muscle_early,BWM_posterior_early
Body_wall_muscle_early,BWM_posterior_early
Body_wall_muscle_early,BWM_posterior_early
Body_wall_muscle_early,BWM_posterior_early
Body_wall_muscle_early,BWM_posterior_early
Body_wall_muscle_early,BWM_posterior_early
Body_wall_muscle_early,BWM_posterior_early
Body_wall_muscle_early,BWM_posterior_early
Body_wall_muscle_early,BWM_posterior_early
Body_wall_muscle_early,BWM_posterior_early
Body_wall_muscle_early,BWM_posterior_early
Body_wall_muscle_early,BWM_posterior_early
Body_wall_muscle_early,BWM_posterior_early
Body_wall_muscle_early,BWM_posterior_early
Body_wall_muscle_early,BWM_posterior_early
Body_wall_muscle_early,BWM_posterior_early
Body_wall_muscle_early,BWM_posterior_early
Body_wall_muscle_early,BWM_posterior_early
Body_wall_muscle_early,BWM_posterior_early
Body_wall_muscle_early,BWM_posterior_early
Body_wall_muscle_early,BWM_posterior_early
Body_wall_muscle_early,BWM_posterior_early
Body_wall_muscle_early,BWM_posterior_early
Body_wall_muscle_early,BWM_posterior_early
Body_wall_muscle_early,BWM_posterior_early
Body_wall_muscle_early,BWM_posterior_early
Body_wall_muscle_early,BWM_posterior_early
Body_wall_muscle_early,BWM_posterior_early
Body_wall_muscle_early,BWM_posterior_early
Body_wall_muscle_early,BWM_posterior_early
Body_wall_muscle_early,BWM_posterior_early
Body_wall_muscle_early,BWM_posterior_early
Body_wall_muscle_early,BWM_posterior_early
Body_wall_muscle_early,BWM_posterior_early
Body_wall_muscle_early,BWM_posterior_early
Body_wall_muscle_early,BWM_posterior_early
Body_wall_muscle_early,BWM_posterior_early
Body_wall_muscle_early,BWM_posterior_early
Body_wall_muscle_early,BWM_posterior_early
Body_wall_muscle_early,BWM_posterior_early
Body_wall_muscle_early,BWM_posterior_early
Body_wall_muscle_early,BWM_posterior_early
Body_wall_muscle_early,BWM_posterior_early
Body_wall_muscle_early,BWM_posterior_early
Body_wall_muscle_early,BWM_posterior_early
Body_wall_muscle_early,BWM_posterior_early
